[
    {
        "title": "Carta dirigida al solista corista",
        "url": "https:\/\/despiertatuvoz.com\/carta-dirigida-al-solista-corista\/",
        "cat": [
            "El Altar del Canto"
        ],
        "excerpt": "Esta carta va dirigida a aquellos cantantes líricos que tras no poder ejercer una vida profesional como..."
    },
    {
        "title": "La creatividad es la manera que tiene la Vida de manifestar amor.",
        "url": "https:\/\/despiertatuvoz.com\/la-creatividad-es-la-manera-que-tiene-la-vida-de-manifestar-amor\/",
        "cat": [
            "El Altar del Canto"
        ],
        "excerpt": "A veces se manifiesta de manera natural, pero otras veces debemos permitir que se manifieste. ¿Cómo?"
    },
    {
        "title": "El amor es dar sin esperar nada a cambio.",
        "url": "https:\/\/despiertatuvoz.com\/el-amor-es-dar-sin-esperar-nada-a-cambio\/",
        "cat": [
            "El Altar del Canto"
        ],
        "excerpt": "A menudo asociamos el amor con recibir algo a cambio. Buscamos gratificación, reconocimiento y reciprocidad en nuestras relaciones. Sin embargo, hay una verdad profunda que a menudo pasamos por alto:"
    },
    {
        "title": "Nada ni nadie te está atacando y de nada te has de defender.",
        "url": "https:\/\/despiertatuvoz.com\/nada-ni-nadie-te-esta-atacando-y-de-nada-te-has-de-defender\/",
        "cat": [
            "Biodecodificación Vocal",
            "El Altar del Canto",
            "Personajes y Roles",
            "Raíces y Herencia"
        ],
        "excerpt": "Nuestra mente es un poderoso creador de realidades. A menudo, interpretamos situaciones como ataques personales..."
    },
    {
        "title": "Patrones repetitivos están vinculados a eventos pasados no resueltos.",
        "url": "https:\/\/despiertatuvoz.com\/patrones-repetitivos-vinculados-a-eventos-pasados-no-resueltos\/",
        "cat": [
            "Biodecodificación Vocal",
            "Raíces y Herencia"
        ],
        "excerpt": "No nos damos cuenta, pero llevamos cargas emocionales no resueltas que afectan nuestros patrones de comportamiento y..."
    },
    {
        "title": "El reconocimiento externo y la infancia",
        "url": "https:\/\/despiertatuvoz.com\/el-reconocimiento-externo-y-su-origen-en-la-infancia\/",
        "cat": [
            "Raíces y Herencia"
        ],
        "excerpt": "¿Alguna vez te has preguntado por qué buscamos constantemente el reconocimiento externo? La respuesta puede encontrarse en nuestras experiencias de infancia."
    },
    {
        "title": "Me gusta escuchar el gorjeo del pájaro en la mañana.",
        "url": "https:\/\/despiertatuvoz.com\/me-gusta-escuchar-el-gorjeo-del-pajaro-en-la-manana\/",
        "cat": [
            "El Altar del Canto"
        ],
        "excerpt": "Es lo que me permite permanecer unido a la Naturaleza. Ese canto que ha permanecido a lo largo de los siglos inalterable al ser humano."
    },
    {
        "title": "El estado de alarma simbolizó el encierro de nuestro ser por parte del ego.",
        "url": "https:\/\/despiertatuvoz.com\/el-estado-de-alarma-simbolizo-el-encierro-de-nuestro-ego-a-nuestro-ser\/",
        "cat": [
            "Biodecodificación Vocal",
            "Personajes y Roles"
        ],
        "excerpt": "¿Os habíais dado cuenta de esto?"
    },
    {
        "title": "La lógica de lo natural no entiende la lógica mental.",
        "url": "https:\/\/despiertatuvoz.com\/la-logica-de-lo-natural-no-entiende-la-logica-mental\/",
        "cat": [
            "Biodecodificación Vocal",
            "El Altar del Canto"
        ],
        "excerpt": "Y es que aunque no quieras, si algo se ha de producir, se produce. Lo tengas planeado o no. Porque cada experiencia tiene su momento."
    },
    {
        "title": "Dejar de ver enemigos es el inicio para tener paz con uno mismo.",
        "url": "https:\/\/despiertatuvoz.com\/dejar-de-ver-enemigos-es-el-inicio-para-tener-paz-con-uno-mismo\/",
        "cat": [
            "Biodecodificación Vocal",
            "El Altar del Canto",
            "Personajes y Roles"
        ],
        "excerpt": "Pero, ¿cómo puedo dejar de ver enemigos si me han educado en el enfrentamiento?"
    },
    {
        "title": "Por un 2024 con más sentir y menos controlar.",
        "url": "https:\/\/despiertatuvoz.com\/mas-sentir-y-menos-controlar\/",
        "cat": [
            "Biodecodificación Vocal",
            "El Altar del Canto"
        ],
        "excerpt": "Porque controlar es no permitir a la vida darnos lo mejor. Porque actuar bajo el sentir te abre las puertas a la sorpresa. "
    },
    {
        "title": "Esa persona  que alabas,  es reflejo de tu propio  potencial.",
        "url": "https:\/\/despiertatuvoz.com\/esa-persona-que-alabas-es-reflejo-de-tu-potencial\/",
        "cat": [
            "Biodecodificación Vocal",
            "El Altar del Canto"
        ],
        "excerpt": "Porque te estás viendo a ti mismo, su valía es tu valía. Porque seguro que tienes una faceta en la que..."
    },
    {
        "title": "Nada ocurre por casualidad.",
        "url": "https:\/\/despiertatuvoz.com\/nada-ocurre-por-casualidad-2\/",
        "cat": [
            "Biodecodificación Vocal",
            "El Altar del Canto"
        ],
        "excerpt": "Si te ocurren ciertas experiencias que consideras extrañas, quizá debas pensar que no son casuales. Hay cierta información que debes recibir."
    },
    {
        "title": "Muchos te dicen:  “has de ser auténtico”, ¡como si eso fuera tan fácil!",
        "url": "https:\/\/despiertatuvoz.com\/no-es-facil-ser-autentico\/",
        "cat": [
            "Personajes y Roles"
        ],
        "excerpt": "¿Alguna vez te has parado a pensar en qué pasaría si hicieras las cosas de manera diferente? ¿Cosas que chocaran frontalmente con lo considerado \"correcto\", con lo aprendido en los propios cursos?"
    },
    {
        "title": "El valor de ser ingenuo.",
        "url": "https:\/\/despiertatuvoz.com\/el-valor-de-ser-ingenuo\/",
        "cat": [
            "Biodecodificación Vocal",
            "El Altar del Canto"
        ],
        "excerpt": "Ser ingenuo es ser valiente. ¿Por qué? Te lo explico y te añado un bonus."
    },
    {
        "title": "La desesperación es un auténtico motor en tu progreso personal.",
        "url": "https:\/\/despiertatuvoz.com\/la-desesperacion-es-un-motor-para-tu-vida\/",
        "cat": [
            "Biodecodificación Vocal",
            "Personajes y Roles"
        ],
        "excerpt": "Permíteme compartir contigo algunas perspectivas que pueden ayudarte a lidiar con ella:"
    },
    {
        "title": "No, no soy normal. Ni tú tampoco.",
        "url": "https:\/\/despiertatuvoz.com\/no-soy-normal-ni-tu-tampoco\/",
        "cat": [
            "Biodecodificación Vocal",
            "El Altar del Canto"
        ],
        "excerpt": "Creemos inconscientemente en la estandarización del comportamiento correcto, pero tú y yo sabemos que eso es más falso que una moneda de 3 euros."
    },
    {
        "title": "Aceptar el proceso, hace que seas más creativo.",
        "url": "https:\/\/despiertatuvoz.com\/aceptar-el-proceso\/",
        "cat": [
            "Biodecodificación Vocal",
            "El Altar del Canto"
        ],
        "excerpt": "¿Cuántas veces nos empeñamos en que las cosas salgan de una determinada manera?"
    },
    {
        "title": "La importancia de la conciencia del presente.",
        "url": "https:\/\/despiertatuvoz.com\/la-alergia-2\/",
        "cat": [
            "Biodecodificación Vocal",
            "El Altar del Canto"
        ],
        "excerpt": "El coaching es una práctica que busca ayudar a las personas a desarrollar su potencial. Una de las áreas clave en el proceso de coaching y que más interesante veo, es la toma de conciencia del momento presente con el coachee.\n\n"
    },
    {
        "title": "La alergia.",
        "url": "https:\/\/despiertatuvoz.com\/la-alergia\/",
        "cat": [
            "Biodecodificación Vocal",
            "Personajes y Roles"
        ],
        "excerpt": "Según la biodescodificación detrás de las enfermedades hay una información que el cuerpo nos está dando acerca de nuestras emociones y creencias.\n\n"
    },
    {
        "title": "El «aquí y ahora» en el canto.",
        "url": "https:\/\/despiertatuvoz.com\/el-aqui-y-ahora-en-el-canto\/",
        "cat": [
            "El Altar del Canto"
        ],
        "excerpt": "Desde hace unos años se ha puesto de moda la práctica o el concepto del Mindfulness, término en inglés que se ha convenido traducir por Atención Plena..."
    },
    {
        "title": "¿Qué estudio primero en una canción&#8230; la música, la letra?",
        "url": "https:\/\/despiertatuvoz.com\/que-estudio-primero-en-una-cancion-la-musica-la-letra\/",
        "cat": [
            "El Altar del Canto"
        ],
        "excerpt": "Poner un poco de luz al método de estudio de los cantantes y abrir el abanico de posibilidades para una mejor ejecución de las obras."
    },
    {
        "title": "Transmitir la emoción y la intención de una canción",
        "url": "https:\/\/despiertatuvoz.com\/se-puede-transmitir-la-emocion-y-la-intencion-de-una-cancion-sin-entender-las-palabras\/",
        "cat": [
            "El Altar del Canto",
            "Raíces y Herencia"
        ],
        "excerpt": "¿Se puede transmitir la emoción y la intención de una canción sin entender las palabras? Esta es la gran pregunta que me planteo después de..."
    },
    {
        "title": "Te encuentras en el lugar justo y el momento adecuado.",
        "url": "https:\/\/despiertatuvoz.com\/te-encuentras-en-el-lugar-justo-y-el-momento-adecuado\/",
        "cat": [
            "Biodecodificación Vocal",
            "El Altar del Canto"
        ],
        "excerpt": "Para poder aprender aquello por lo que la vida te trajo aquí. ¿Eso significa resignación?"
    },
    {
        "title": "¿La vida se reduce solo a ganar un sueldo?",
        "url": "https:\/\/despiertatuvoz.com\/la-vida-se-reduce-solo-a-ganar-un-sueldo\/",
        "cat": [
            "El Altar del Canto",
            "Personajes y Roles",
            "Raíces y Herencia"
        ],
        "excerpt": "Con esta pregunta empezó mi periodo de transformación. Te cuento."
    },
    {
        "title": "El verdadero éxito.",
        "url": "https:\/\/despiertatuvoz.com\/la-vision-holistica-copy\/",
        "cat": [
            "Biodecodificación Vocal",
            "El Altar del Canto"
        ],
        "excerpt": "Es sentirte a gusto contigo mismo.\n¿Con quién, si no, vas a pasar el resto de tu vida?"
    },
    {
        "title": "Técnicas para la expresión emocional y la conexión con el corazón",
        "url": "https:\/\/despiertatuvoz.com\/tecnicas-para-la-expresion-emocional-y-la-conexion-con-el-corazon\/",
        "cat": [
            "Biodecodificación Vocal",
            "El Altar del Canto"
        ],
        "excerpt": "La música, y particularmente el canto, es una forma de arte que nos permite conectarnos con nuestras emociones y sentimientos más profundos y contar historias a través de la voz. En un programa de mentoría vocal, se pueden aprender técnicas para ampliar la expresión emocional y la conexión con el corazón y el espíritu. "
    },
    {
        "title": "La elección del repertorio en el estudio del canto",
        "url": "https:\/\/despiertatuvoz.com\/la-eleccion-del-repertorio-en-el-estudio-del-canto\/",
        "cat": [
            "El Altar del Canto"
        ],
        "excerpt": "El canto es como un camino que recorremos con nuestra voz, y en él dejamos huellas de nuestras emociones y sentimientos más profundos. Pero, ¿cómo elegir el repertorio adecuado para plasmar en él toda esa carga emocional que llevamos dentro? En este artículo, exploraremos la importancia de la elección del repertorio en el estudio del canto, y cómo podemos encontrar las canciones que mejor se adaptan a nuestra voz y personalidad."
    },
    {
        "title": "El papel del canto en la salud mental",
        "url": "https:\/\/despiertatuvoz.com\/el-papel-del-canto-en-la-salud-mental\/",
        "cat": [
            "Biodecodificación Vocal"
        ],
        "excerpt": "El canto no solo solo se produce en el equilibrio de la conexión alma-mente-cuerpo, como vimos en el artículo anterior, sino que también los componentes de esta conexión se retroalimentan de este equilibrio para su propio bienestar, produciéndose un impacto positivo en la salud mental, corporal y espiritual."
    },
    {
        "title": "El aspecto emocional del canto: la conexión alma-mente-cuerpo",
        "url": "https:\/\/despiertatuvoz.com\/el-aspecto-emocional-del-canto-la-conexion-alma-mente-cuerpo\/",
        "cat": [
            "Biodecodificación Vocal",
            "El Altar del Canto"
        ],
        "excerpt": "¿Te sientes tan emocionado mientras cantas que puedes sentir la música en cada célula de tu cuerpo? La emoción es una parte integral del canto y la conexión mente-cuerpo es fundamental para el desarrollo de la expresión del cantante."
    },
    {
        "title": "Músicos y el marketing consciente: Cómo algunos artistas lo están haciendo bien",
        "url": "https:\/\/despiertatuvoz.com\/musicos-y-el-marketing-consciente-como-algunos-artistas-lo-estan-haciendo-bien\/",
        "cat": [
            "El Altar del Canto",
            "Guía de la App"
        ],
        "excerpt": "El marketing consciente es una tendencia creciente en el mundo del marketing digital, y los músicos no quedan fuera de esta revolución."
    },
    {
        "title": "¿Qué es el Marketing Consciente para músicos?",
        "url": "https:\/\/despiertatuvoz.com\/que-es-el-marketing-consciente\/",
        "cat": [
            "El Altar del Canto",
            "Guía de la App"
        ],
        "excerpt": "Bienvenidos al mundo del marketing consciente. Como músico, tu talento y pasión por la música son fundamentales para el éxito en tu carrera. Pero, ¿sabías que el marketing consciente puede ser igual de importante?"
    },
    {
        "title": "Encuentra tu voz: Los beneficios de la mentoría de voz",
        "url": "https:\/\/despiertatuvoz.com\/encuentra-tu-voz-los-beneficios-de-la-mentoria-de-voz\/",
        "cat": [
            "Guía de la App"
        ],
        "excerpt": "¿Alguna vez te has sentido perdido, confundido o incierto acerca de tu carrera o metas personales?"
    },
    {
        "title": "La visión holística",
        "url": "https:\/\/despiertatuvoz.com\/tener-una-vision-holistica\/",
        "cat": [
            "Biodecodificación Vocal",
            "El Altar del Canto"
        ],
        "excerpt": "En este post quiero aclarar el término \"holístico\" ya que a menudo se le suele dar un áurea mística que no tiene por qué tener."
    },
    {
        "title": "La autenticidad",
        "url": "https:\/\/despiertatuvoz.com\/la-autenticidad\/",
        "cat": [
            "Biodecodificación Vocal",
            "El Altar del Canto"
        ],
        "excerpt": "Mucho habrás oído sobre la autenticidad en la voz, ese hacer las cosas de manera personal y natural, tal y como somos. Pero ¿y eso qué significa, cómo se hace?"
    },
    {
        "title": "Ser positivo",
        "url": "https:\/\/despiertatuvoz.com\/ser-positivo\/",
        "cat": [
            "Biodecodificación Vocal",
            "El Altar del Canto"
        ],
        "excerpt": "En varios artículos he hablado de ser positivo como parte importante en el desarrollo personal, en el autoconocimiento..."
    },
    {
        "title": "La solución la llevamos dentro",
        "url": "https:\/\/despiertatuvoz.com\/la-solucion-la-llevamos-dentro\/",
        "cat": [
            "Biodecodificación Vocal",
            "El Altar del Canto"
        ],
        "excerpt": "A veces, cuando nos enfrentamos a un problema vocal, puede parecer que la solución esté fuera de nosotros, que necesitemos mecánicas externas o técnicas"
    },
    {
        "title": "La indagación sobre uno mismo",
        "url": "https:\/\/despiertatuvoz.com\/la-indagacion-sobre-uno-mismo\/",
        "cat": [
            "Biodecodificación Vocal",
            "El Altar del Canto",
            "Guía de la App"
        ],
        "excerpt": "En Despierta tu voz además de profundizar en tu aspecto vocal, estamos para ayudarte a profundizar en tu autoconocimiento y descubrir quién eres realmente. "
    },
    {
        "title": "¿Es posible mejorar tu comunicación en público sin acudir a grandes conferenciantes?",
        "url": "https:\/\/despiertatuvoz.com\/es-posible-mejorar-tu-comunicacion-en-publico-sin-acudir-a-grandes-conferenciantes\/",
        "cat": [
            "El Altar del Canto"
        ],
        "excerpt": "Sí, es posible. Pero no para todo el mundo, ¿por qué?"
    },
    {
        "title": "¿Qué es un Mentor de voz?",
        "url": "https:\/\/despiertatuvoz.com\/que-es-un-mentor-de-voz\/",
        "cat": [
            "Guía de la App"
        ],
        "excerpt": "En un post anterior explicaba  las diferencias generales entre un Profesor de canto y un Mentor de voz. Aquí voy a ampliar "
    },
    {
        "title": "¿Cómo expresa emociones la música instrumental?",
        "url": "https:\/\/despiertatuvoz.com\/como-expresa-emociones-la-musica-instrumental\/",
        "cat": [
            "Biodecodificación Vocal"
        ],
        "excerpt": "En esta web hablo siempre de la necesidad del texto para expresar emociones, del sentido de la letra, de la poesía. Pero ésta va siempre"
    },
    {
        "title": "¿Profesor de canto o mentor de voz?",
        "url": "https:\/\/despiertatuvoz.com\/profesor-de-canto-o-mentor-de-voz\/",
        "cat": [
            "Guía de la App"
        ],
        "excerpt": "Aunque pueden parecer similares, existen algunas diferencias importantes entre un mentor de voz y un profesor de canto. Aquí te presento algunas de las diferencias más relevantes:"
    },
    {
        "title": "¿Qué es una mentoría?",
        "url": "https:\/\/despiertatuvoz.com\/que-es-una-mentoria\/",
        "cat": [
            "Guía de la App"
        ],
        "excerpt": "Es acompañar...\nEs guiar\nEs empatizar"
    },
    {
        "title": "Busco profesor de canto",
        "url": "https:\/\/despiertatuvoz.com\/busco-profesor-de-canto\/",
        "cat": [
            "El Altar del Canto"
        ],
        "excerpt": "En mi época de estudiante, e incluso después de haber terminado la carrera superior en el Conservatorio, "
    },
    {
        "title": "¿Tengo voz para cantar?",
        "url": "https:\/\/despiertatuvoz.com\/tengo-voz-para-cantar\/",
        "cat": [
            "El Altar del Canto"
        ],
        "excerpt": "Imagina que Joaquín Sabina se hiciera esa pregunta..."
    },
    {
        "title": "Cómo cantar notas agudas",
        "url": "https:\/\/despiertatuvoz.com\/como-cantar-notas-agudas\/",
        "cat": [
            "El Altar del Canto"
        ],
        "excerpt": "Esta es otra de las grandes preocupaciones de los estudiantes de canto. Yendo directos al grano, cuando practicas el canto consciente no diferencias"
    },
    {
        "title": "¿Cómo cantar bien?",
        "url": "https:\/\/despiertatuvoz.com\/como-cantar-bien-2\/",
        "cat": [
            "El Altar del Canto"
        ],
        "excerpt": "Esta es una de las principales preocupaciones que tienen muchas personas en torno al tema del canto."
    },
    {
        "title": "La 2a de Mahler, vivida desde el coro.",
        "url": "https:\/\/despiertatuvoz.com\/la-2a-de-mahler-vivida-desde-el-coro\/",
        "cat": [
            "Biodecodificación Vocal",
            "El Altar del Canto"
        ],
        "excerpt": "Saber a qué lugar pertenecemos, por qué pertenecemos y que nada es casual, es uno de los conocimientos que te permite ver la vida desde otro prisma."
    },
    {
        "title": "La 2a de Mahler, la Resurrección en vida.",
        "url": "https:\/\/despiertatuvoz.com\/la-2a-de-mahler-la-resurreccion-en-vida\/",
        "cat": [
            "El Altar del Canto"
        ],
        "excerpt": "Pertenece a aquellas obras donde uno puede encontrar el verdadero mensaje que guarda la clave para encontrar el sentido de esta vida."
    },
    {
        "title": "La confianza anula la necesidad de protección.",
        "url": "https:\/\/despiertatuvoz.com\/la-confianza-anula-la-necesidad-de-proteccion\/",
        "cat": [
            "El Altar del Canto"
        ],
        "excerpt": "Somos demasiado tolerantes con las divagaciones de la mente..."
    },
    {
        "title": "Buscamos en un líder lo que creemos que nos falta a nosotros.",
        "url": "https:\/\/despiertatuvoz.com\/buscamos-en-un-lider-lo-que-creemos-que-nos-falta-a-nosotros\/",
        "cat": [
            "Biodecodificación Vocal",
            "El Altar del Canto",
            "Guía de la App"
        ],
        "excerpt": "Pero es solo una creencia.\nEsta \"sensación\" de ser inadecuados, débiles y de estar incompletos procede del gran valor que le hemos dado al \"principio de escasez\""
    },
    {
        "title": "Paciencia no es resignación. Es aceptar al otro tal y como es.",
        "url": "https:\/\/despiertatuvoz.com\/paciencia-no-es-resignacion-es-aceptar-al-otro-tal-y-como-es\/",
        "cat": [
            "Biodecodificación Vocal",
            "El Altar del Canto"
        ],
        "excerpt": "Porque la resignación es ira guardada...\n\nPorque la ira acabará apareciendo en cualquier momento."
    },
    {
        "title": "Reaviva tu poder. No dejes que tu mini-yo lidere más tu vida.",
        "url": "https:\/\/despiertatuvoz.com\/reaviva-tu-poder-no-dejes-que-tu-mini-yo-lidere-mas-tu-vida\/",
        "cat": [
            "Biodecodificación Vocal",
            "Personajes y Roles"
        ],
        "excerpt": "¿Poder...yo? Sí, es lo primero que oirás de tu mini-yo.\n\nPorque el mini-yo es aquello que se ha formado en ti a lo largo de los años por impresiones externas a ti. Impresiones basadas en el:"
    },
    {
        "title": "Deberíamos ser capaces de liderarnos.",
        "url": "https:\/\/despiertatuvoz.com\/deberiamos-ser-capaces-de-liderarnos\/",
        "cat": [
            "Biodecodificación Vocal",
            "El Altar del Canto",
            "Personajes y Roles"
        ],
        "excerpt": "¿Te has parado a pensar...?\n\nSi partimos de la base que todo está conectado y que todo guarda relación unas cosas con otras, nos daremos cuenta que si recibes muchos post y noticias o comentarios sobre liderazgo a tu alrededor podría ser una invitación"
    },
    {
        "title": "Te digo a mí cosas que ambos necesitamos oír.",
        "url": "https:\/\/despiertatuvoz.com\/te-digo-a-mi-cosas-que-ambos-necesitamos-oir\/",
        "cat": [
            "Biodecodificación Vocal",
            "El Altar del Canto"
        ],
        "excerpt": "¿Una frase un poco liosa tal vez?\n\nParto de la base de que tú no eres una persona ajena a mí.\n\nDe que estás en mi vida porque ambos nos necesitamos."
    },
    {
        "title": "¿Por qué la abundancia se ha utilizado para separar?",
        "url": "https:\/\/despiertatuvoz.com\/por-que-la-abundancia-se-ha-utilizado-para-separar\/",
        "cat": [
            "El Altar del Canto"
        ],
        "excerpt": "Pregúntate qué piensas cuando ves a alguien en un Ferrari...\n\nSi piensas: \"menudo presuntuoso\", \"lo único que quiere es fardar\""
    },
    {
        "title": "Cuando realmente deseas cambiar de lugar",
        "url": "https:\/\/despiertatuvoz.com\/cuando-realmente-deseas-cambiar-de-lugar\/",
        "cat": [
            "Biodecodificación Vocal",
            "El Altar del Canto"
        ],
        "excerpt": "Y lo hace por sorpresa, sin avisar...\n\nLa vida es así. No quiere que sufras más."
    },
    {
        "title": "Abogo por la inversión en inteligencia natural&#8230;¿qué?",
        "url": "https:\/\/despiertatuvoz.com\/abogo-por-la-inversion-en-inteligencia-natural-que\/",
        "cat": [
            "El Altar del Canto"
        ],
        "excerpt": "Mucho está avanzando la tecnología. Gran progreso sin duda. Grandes esfuerzos orientados a ayudar al ser humano en su vida diaria.\nPero ¿se invierte algo en que el propio ser humano busque esa guía interna que tiene, que no sabe dónde está, pero que la nota?"
    },
    {
        "title": "Te deseo la paz contigo mismo.",
        "url": "https:\/\/despiertatuvoz.com\/te-deseo-la-paz-contigo-mismo\/",
        "cat": [
            "Biodecodificación Vocal",
            "El Altar del Canto"
        ],
        "excerpt": "La guerra en nuestro planeta es el reflejo de nuestros conflictos personales. Si queremos la paz, debemos empezar por nosotros mismos..."
    },
    {
        "title": "Te amo y te acepto tal como eres.",
        "url": "https:\/\/despiertatuvoz.com\/te-amo-y-te-acepto-tal-y-como-eres\/",
        "cat": [
            "Biodecodificación Vocal",
            "El Altar del Canto"
        ],
        "excerpt": "Aceptación."
    },
    {
        "title": "¿Qué sentiste en el primer abrazo del año?",
        "url": "https:\/\/despiertatuvoz.com\/que-sentiste-en-el-primer-abrazo-del-ano\/",
        "cat": [
            "Biodecodificación Vocal",
            "El Altar del Canto"
        ],
        "excerpt": "Sentí la presencia de algo nuevo, algo que rodeaba todo.\n\nSentí la energía de la esperanza, del optimismo,"
    },
    {
        "title": "Soy la grandeza porque soy parte de la Creación.",
        "url": "https:\/\/despiertatuvoz.com\/soy-la-grandeza-porque-soy-parte-de-la-creacion\/",
        "cat": [
            "Biodecodificación Vocal",
            "El Altar del Canto"
        ],
        "excerpt": "¿Por qué entonces elijo la pequeñez?\n\nCada vez que no hago caso a mi intuición elijo la pequeñez.\n\nCada vez que no confío en los procesos que se han de producir de manera natural, elijo la pequeñez."
    },
    {
        "title": "«La vida me trata mal»&#8230;¿seguro?",
        "url": "https:\/\/despiertatuvoz.com\/la-vida-me-trata-mal-seguro\/",
        "cat": [
            "Biodecodificación Vocal",
            "El Altar del Canto"
        ],
        "excerpt": "Cuántas veces habremos dicho esta frase. La mayoría de las veces motivado por un entorno donde decirla es lo más habitual. Somos víctimas de algo.\n\nTe propongo un cambio de visión.\n"
    },
    {
        "title": "Me perdí por las calles vacías de la ciudad.",
        "url": "https:\/\/despiertatuvoz.com\/me-perdi-por-las-calles-vacias-de-la-ciudad\/",
        "cat": [
            "Biodecodificación Vocal"
        ],
        "excerpt": "Y me encontré a mí mismo."
    },
    {
        "title": "Cuándo fue que nos desconectamos de la Naturaleza.",
        "url": "https:\/\/despiertatuvoz.com\/cuando-fue-que-nos-desconectamos-de-la-naturaleza\/",
        "cat": [
            "Biodecodificación Vocal",
            "El Altar del Canto"
        ],
        "excerpt": "Esta fue mi experiencia:\nHabía quedado a desayunar en la playa de Valencia.\nSentí el impulso de ir mucho antes de la hora acordada."
    },
    {
        "title": "¿Has sentido la llamada del amanecer  para ir a contemplarlo?",
        "url": "https:\/\/despiertatuvoz.com\/has-sentido-la-llamada-del-amanecer-para-ir-a-contemplarlo\/",
        "cat": [
            "Biodecodificación Vocal",
            "El Altar del Canto"
        ],
        "excerpt": "Esta fue mi experiencia:\nHabía quedado a desayunar en la playa de Valencia.\nSentí el impulso de ir mucho antes de la hora acordada."
    },
    {
        "title": "Tu intuición está deseando guiarte.",
        "url": "https:\/\/despiertatuvoz.com\/tu-intuicion-esta-deseando-guiarte\/",
        "cat": [
            "Biodecodificación Vocal",
            "El Altar del Canto"
        ],
        "excerpt": "Y no siempre le hacemos caso...\n¿Cuántas veces te has arrepentido de no dejarte llevar por tu intuición, por ese algo que te decía la respuesta?"
    },
    {
        "title": "¿De qué nos estamos defendiendo?",
        "url": "https:\/\/despiertatuvoz.com\/de-que-nos-estamos-defendiendo\/",
        "cat": [
            "Biodecodificación Vocal",
            "El Altar del Canto"
        ],
        "excerpt": "Si nos estamos protegiendo, ¿cuál es la amenaza?¿es una amenaza real?¿es una amenaza inventada?¿nos hemos parado a reflexionar?"
    },
    {
        "title": "El viaje del héroe. La analogía de nuestra vida.",
        "url": "https:\/\/despiertatuvoz.com\/el-viaje-del-heroe-la-analogia-de-nuestra-vida\/",
        "cat": [
            "Biodecodificación Vocal",
            "El Altar del Canto"
        ],
        "excerpt": "¿En qué fase de tu vida te encuentras...?\nJoseph Campbell (1904-1987) fue un escritor y mitólogo que recopilando textos de la mitología de todo el mundo resumió en un esquema"
    },
    {
        "title": "Tú ya tienes un gran potencial.",
        "url": "https:\/\/despiertatuvoz.com\/tu-ya-tienes-un-gran-potencial\/",
        "cat": [
            "Biodecodificación Vocal",
            "El Altar del Canto"
        ],
        "excerpt": "Emociónanos con lo que tú ya eres. Lo necesitamos.\nExpresa libremente.\nLibérate."
    },
    {
        "title": "La técnica vocal como medio para conocerse.",
        "url": "https:\/\/despiertatuvoz.com\/la-tecnica-vocal-como-medio-para-conocerse\/",
        "cat": [
            "Biodecodificación Vocal",
            "El Altar del Canto"
        ],
        "excerpt": "Mucha es la tentación en los cantantes de llegar a un profesor de canto para que le dé con la varita mágica y solucionar sus problemas vocales."
    },
    {
        "title": "¿Cuándo dejaste de jugar?",
        "url": "https:\/\/despiertatuvoz.com\/cuando-dejaste-de-jugar\/",
        "cat": [
            "Biodecodificación Vocal",
            "El Altar del Canto"
        ],
        "excerpt": "¿Necesitamos volvernos serios para crecer?\nNo hay más que ver a las personas que desarrollan su talento cómo parece que estén jugando y divirtiéndose con lo que hacen."
    },
    {
        "title": "No vienen de otro planeta.",
        "url": "https:\/\/despiertatuvoz.com\/no-vienen-de-otro-planeta\/",
        "cat": [
            "Biodecodificación Vocal",
            "El Altar del Canto"
        ],
        "excerpt": "Cada uno poseemos un talento único que muchas veces no cuadra en las estructuras actuales de empleabilidad."
    },
    {
        "title": "Gracias persona tóxica.",
        "url": "https:\/\/despiertatuvoz.com\/gracias-persona-toxica\/",
        "cat": [
            "Biodecodificación Vocal",
            "El Altar del Canto"
        ],
        "excerpt": "¿Qué tal si le damos la vuelta a la tortilla?\nMucho se habla sobre la huida que hay que hacer de las personas llamadas tóxicas. Huye, huye y siempre te encontrarás a este tipo de personas en tu camino hasta que no aprendas el porqué."
    },
    {
        "title": "Gracias por estar, gracias por Ser.",
        "url": "https:\/\/despiertatuvoz.com\/gracias-por-estar-gracias-por-ser\/",
        "cat": [
            "Biodecodificación Vocal",
            "El Altar del Canto"
        ],
        "excerpt": "Estaba yo sentado enfrente del ordenador, leyendo y escuchando una música tranquila, cuando sigilosamente se acercó a mí por detrás y de manera delicada me susurró al oído:\n"
    },
    {
        "title": "Deja que mi amor sea oído.",
        "url": "https:\/\/despiertatuvoz.com\/deja-que-mi-amor-sea-oido\/",
        "cat": [
            "Biodecodificación Vocal",
            "El Altar del Canto"
        ],
        "excerpt": "Porque lo necesito,\n\n\nPor que el que lo recibe también lo necesita.\n\nPor que los dos compartimos el mismo amor."
    },
    {
        "title": "Tienes un gran don.",
        "url": "https:\/\/despiertatuvoz.com\/tienes-un-gran-don\/",
        "cat": [
            "Biodecodificación Vocal",
            "El Altar del Canto"
        ],
        "excerpt": "Tú ya tienes un gran potencial,\n\nUn gran talento y un don que la vida te ha otorgado para que compartas con los demás, para que emociones con lo que tú ya eres, para que expreses"
    },
    {
        "title": "Lo estás logrando aunque todavía no lo veas.",
        "url": "https:\/\/despiertatuvoz.com\/lo-estas-logrando-aunque-todavia-no-lo-veas\/",
        "cat": [
            "Biodecodificación Vocal",
            "El Altar del Canto"
        ],
        "excerpt": "Sientes que estás estancado\/a? No es así:\n\nPor que ya ves las cosas de otra manera.\n\nPor que ya ves a las personas de otra manera."
    },
    {
        "title": "Se nos va la vida deseando otra.",
        "url": "https:\/\/despiertatuvoz.com\/se-nos-va-la-vida-deseando-otra\/",
        "cat": [
            "Biodecodificación Vocal",
            "El Altar del Canto"
        ],
        "excerpt": "¿Te has dado cuenta?\n\nLo que la vida te da ahora es lo mejor que puedes recibir en este momento.\n\nJuzgarlo es no aprovechar las oportunidades que te está ofreciendo."
    },
    {
        "title": "Aunque ahora no lo veas, todo tiene solución.",
        "url": "https:\/\/despiertatuvoz.com\/aunque-ahora-no-lo-veas-todo-tiene-solucion\/",
        "cat": [
            "Biodecodificación Vocal",
            "El Altar del Canto"
        ],
        "excerpt": "Todo sin excepción.\n\nLa dificultad no radica en lo que llamamos problema sino en el miedo a sentir la emoción que va ligada a él."
    },
    {
        "title": "Hacer una tierra diferente entre tanta gente indiferente.",
        "url": "https:\/\/despiertatuvoz.com\/hacer-una-tierra-diferente-entre-tanta-gente-indiferente\/",
        "cat": [
            "Biodecodificación Vocal",
            "El Altar del Canto"
        ],
        "excerpt": "¡Pero aquí estamos para cambiarlo! \n\nEn mi dejar fluir caminaba yo por un barrio totalmente nuevo para mí, totalmente desconocido. Y en mi caminar me sorprendió un grafiti con este mensaje que muestra la imagen."
    },
    {
        "title": "No hacer lo que la vida te pide es orgullo.",
        "url": "https:\/\/despiertatuvoz.com\/no-hacer-lo-que-la-vida-te-pide-es-orgullo\/",
        "cat": [
            "El Altar del Canto"
        ],
        "excerpt": "No hacer lo que la vida te pide,\n\n\nNo oír.\n\nNo querer sentir.\n\nPero muchas veces lo hacemos de manera inconsciente. La mente programada lucha para que no hagas lo que la vida te está pidiendo y sin darte cuenta estás rechazando una vida más acorde con quien tú eres.\n"
    },
    {
        "title": "Hoy me tomo la libertad de equivocarme.",
        "url": "https:\/\/despiertatuvoz.com\/hoy-me-tomo-la-libertad-de-equivocarme\/",
        "cat": [
            "Biodecodificación Vocal",
            "El Altar del Canto"
        ],
        "excerpt": "Tienes toda la libertad\n\nEres libre\n\nEres libre de tomar decisiones\n\nEres libre de aprender de ellas"
    },
    {
        "title": "Te comprendo.",
        "url": "https:\/\/despiertatuvoz.com\/te-comprendo\/",
        "cat": [
            "Biodecodificación Vocal",
            "El Altar del Canto"
        ],
        "excerpt": "Estoy aquí para darte esperanza, para salir de esa rueda sin fin de desesperación."
    },
    {
        "title": "Corrijo en mí lo que no me gusta de ti.",
        "url": "https:\/\/despiertatuvoz.com\/corrijo-en-mi-lo-que-no-me-gusta-de-ti\/",
        "cat": [
            "Biodecodificación Vocal",
            "El Altar del Canto"
        ],
        "excerpt": "Porque las cosas no pasan por casualidad.\n\nPorque las personas no se cruzan en la vida por azar."
    },
    {
        "title": "Mira tus raíces.",
        "url": "https:\/\/despiertatuvoz.com\/mira-tus-raices\/",
        "cat": [
            "Biodecodificación Vocal",
            "El Altar del Canto",
            "Raíces y Herencia"
        ],
        "excerpt": "En tu organización,\n\nTanto que se habla del abandono del puesto de trabajo. De que el talento se va."
    },
    {
        "title": "Adicciones invisibles",
        "url": "https:\/\/despiertatuvoz.com\/adicciones-invisibles\/",
        "cat": [
            "Biodecodificación Vocal",
            "El Altar del Canto",
            "Personajes y Roles"
        ],
        "excerpt": "A veces no somos conscientes de que tenemos una adicción.\n\nComo la de publicar frases \"sabias\" de otros para no aplicarlas a uno mismo."
    },
    {
        "title": "Me dejo llevar&#8230;",
        "url": "https:\/\/despiertatuvoz.com\/me-dejo-llevar\/",
        "cat": [
            "Biodecodificación Vocal",
            "El Altar del Canto"
        ],
        "excerpt": "A veces la Vida me lleva a caminar por la calle sin rumbo fijo."
    },
    {
        "title": "Basta con dar el primer paso&#8230;",
        "url": "https:\/\/despiertatuvoz.com\/basta-con-dar-el-primer-paso\/",
        "cat": [
            "Biodecodificación Vocal",
            "El Altar del Canto"
        ],
        "excerpt": "Un vértigo tremendo puede recorrer tu cuerpo al creer en el vacío que podrías encontrar al pensar"
    },
    {
        "title": "El Día Mundial de Ti Mismo",
        "url": "https:\/\/despiertatuvoz.com\/el-dia-mundial-de-ti-mismo\/",
        "cat": [
            "Biodecodificación Vocal",
            "El Altar del Canto"
        ],
        "excerpt": "Dedícate el tiempo para ti que no te dedicas.\n\nAma las decisiones de tu corazón."
    },
    {
        "title": "Sigue avanzando, te estás moldeando.",
        "url": "https:\/\/despiertatuvoz.com\/sigue-avanzando-te-estas-moldeando\/",
        "cat": [
            "Biodecodificación Vocal",
            "El Altar del Canto"
        ],
        "excerpt": "Hoy y ahora...\n\n¿Qué forma tomará la masa? Solo depende de ti."
    },
    {
        "title": "Eres lo mejor que le puede ocurrir a tu entorno.",
        "url": "https:\/\/despiertatuvoz.com\/eres-lo-mejor-que-le-puede-ocurrir-a-tu-entorno\/",
        "cat": [
            "Biodecodificación Vocal",
            "El Altar del Canto"
        ],
        "excerpt": "¿Te das cuenta de la gran importancia que tienes dentro de tu entorno?"
    },
    {
        "title": "El orgullo es una máscara del ego.",
        "url": "https:\/\/despiertatuvoz.com\/el-orgullo-es-una-mascara-del-ego\/",
        "cat": [
            "Biodecodificación Vocal",
            "Personajes y Roles"
        ],
        "excerpt": "El orgullo es una máscara que utiliza el ego para tapar una carencia. Y lo digo desde la honestidad de la propia experiencia..."
    },
    {
        "title": "No es tu garganta, son tus emociones.",
        "url": "https:\/\/despiertatuvoz.com\/no-es-tu-garganta-son-tus-emociones\/",
        "cat": [
            "Biodecodificación Vocal",
            "Guía de la App",
            "Raíces y Herencia"
        ],
        "excerpt": "Dice Machado:\n\nFe empirista. Ni somos ni seremos.\nTodo nuestro vivir es emprestado.\nNada trajimos; nada llevaremos.\n"
    },
    {
        "title": "Nada trajimos, nada llevaremos.",
        "url": "https:\/\/despiertatuvoz.com\/nada-trajimos-nada-llevaremos\/",
        "cat": [
            "Biodecodificación Vocal",
            "El Altar del Canto"
        ],
        "excerpt": "Dice Machado:\n\nFe empirista. Ni somos ni seremos.\nTodo nuestro vivir es emprestado.\nNada trajimos; nada llevaremos.\n"
    },
    {
        "title": "La vida te va poniendo retos.",
        "url": "https:\/\/despiertatuvoz.com\/la-vida-te-va-poniendo-retos\/",
        "cat": [
            "Biodecodificación Vocal"
        ],
        "excerpt": "Tendrás que hacer frente a ellos pensando que son falsedades, construcciones mentales o hábitos de pensamiento instalados en el inconsciente."
    },
    {
        "title": "Un cambio en la vida es posible.",
        "url": "https:\/\/despiertatuvoz.com\/un-cambio-en-la-vida-es-posible\/",
        "cat": [
            "Biodecodificación Vocal"
        ],
        "excerpt": "¿No crees que la transformación de la persona ha de venir primero desde la convicción de que un cambio en la vida es posible? Un cambio en la manera de interpretar el mundo y las experiencias que nos rodean."
    },
    {
        "title": "Liderar el cambio.",
        "url": "https:\/\/despiertatuvoz.com\/liderar-el-cambio\/",
        "cat": [
            "El Altar del Canto"
        ],
        "excerpt": "Eres la persona ideal para liderar tu propio cambio."
    },
    {
        "title": "Estar en el momento adecuado en el lugar justo.",
        "url": "https:\/\/despiertatuvoz.com\/estar-en-el-momento-adecuado-en-el-lugar-justo\/",
        "cat": [
            "El Altar del Canto"
        ],
        "excerpt": "Siempre he dudado del sentido de esta frase, pues se reconoce que has estado en el lugar adecuado y en el momento adecuado cuando ya ha PASADO el momento y lo que se tenía que producir se ha producido"
    },
    {
        "title": "No cargues con mochila ajena.",
        "url": "https:\/\/despiertatuvoz.com\/no-cargues-con-mochila-ajena\/",
        "cat": [
            "Biodecodificación Vocal"
        ],
        "excerpt": "Aunque creas que estás ayudando, cargar con la mochila del otro no le ayuda pues ser \"mochilero\" es una actitud en la vida: cargar a la espalda con todo \"porque yo lo puedo\". Tan pronto te quitas una ya te estás poniendo otra. Son las mochilas del miedo.\n"
    },
    {
        "title": "¿Ves problemas donde no los hay?",
        "url": "https:\/\/despiertatuvoz.com\/ves-problemas-donde-no-los-hay\/",
        "cat": [
            "Biodecodificación Vocal",
            "Guía de la App"
        ],
        "excerpt": "Este artículo va para aquellos que viven en ese momento de incertidumbre y las personas de su entorno le cuestionan todo lo que está haciendo y viviendo."
    },
    {
        "title": "¿A qué te dedicas?",
        "url": "https:\/\/despiertatuvoz.com\/a-que-te-dedicas\/",
        "cat": [
            "Biodecodificación Vocal",
            "Personajes y Roles"
        ],
        "excerpt": "Este artículo va para aquellos que viven en ese momento de incertidumbre y las personas de su entorno le cuestionan todo lo que está haciendo y viviendo."
    },
    {
        "title": "I&#8217;m alive.",
        "url": "https:\/\/despiertatuvoz.com\/im-alive\/",
        "cat": [
            "El Altar del Canto"
        ],
        "excerpt": "Cada vez que mi alma se ve liberada de un pensamiento que no la dejaba Ser, resuena en mi cabeza esta canción de mi infancia:"
    },
    {
        "title": "Me rindo",
        "url": "https:\/\/despiertatuvoz.com\/me-rindo\/",
        "cat": [
            "Biodecodificación Vocal"
        ],
        "excerpt": "Por no saber gestionarla,\npor no ser lo que Tú quieres que sea,"
    },
    {
        "title": "Fábula: Yo, Problema y Situación.",
        "url": "https:\/\/despiertatuvoz.com\/si-recibes-mi-silencio-copy\/",
        "cat": [
            "Biodecodificación Vocal",
            "Personajes y Roles"
        ],
        "excerpt": "Situación: Hola\nYo: Hola, ¿Cómo estás? gracias por venir.\nProblema: ¡eh, que falto yo! ¿no me saludáis?"
    },
    {
        "title": "Si recibes mi silencio.",
        "url": "https:\/\/despiertatuvoz.com\/si-recibes-mi-silencio\/",
        "cat": [
            "Biodecodificación Vocal",
            "Personajes y Roles"
        ],
        "excerpt": "No es indiferencia,\nno es falta de respeto.\nEs permanecer en la paz,\nno entrar en la confrontación."
    },
    {
        "title": "Dejar que las cosas ocurran.",
        "url": "https:\/\/despiertatuvoz.com\/dejar-que-las-cosas-ocurran\/",
        "cat": [
            "Biodecodificación Vocal"
        ],
        "excerpt": "Dejar que las cosas ocurran no significa pasividad, sentarse en el sofá y esperar a que pasen por delante,"
    },
    {
        "title": "La emancipación de la disonancia.",
        "url": "https:\/\/despiertatuvoz.com\/la-emancipacion-de-la-disonancia\/",
        "cat": [
            "El Altar del Canto"
        ],
        "excerpt": "Siempre hay un poder interior que te llama a que tu disonancia con el pensamiento generalizado se emancipe. Referencias en la historia hay."
    },
    {
        "title": "He encontrado.",
        "url": "https:\/\/despiertatuvoz.com\/he-encontrado\/",
        "cat": [
            "Biodecodificación Vocal"
        ],
        "excerpt": "Hoy la Vida me ha mostrado a través de Merce Roura Mas que en mi camino de #autodescubrimiento he de tomar un momento para parar de “buscar” "
    },
    {
        "title": "Hijo de la grandeza",
        "url": "https:\/\/despiertatuvoz.com\/hijo-de-la-grandeza\/",
        "cat": [
            "Biodecodificación Vocal",
            "El Altar del Canto"
        ],
        "excerpt": "Estos días que estoy en Barcelona, paseando por sus calles y viendo muchos de los maravillosos y bellos edificios me viene al alma la siguiente reflexión"
    },
    {
        "title": "Silencia la mente",
        "url": "https:\/\/despiertatuvoz.com\/silencia-la-mente\/",
        "cat": [
            "Biodecodificación Vocal",
            "Personajes y Roles"
        ],
        "excerpt": "Cuando le estés dando mil vueltas a algo..."
    },
    {
        "title": "Deja de intervenir",
        "url": "https:\/\/despiertatuvoz.com\/nada-ocurre-por-casualidad-copy\/",
        "cat": [
            "Biodecodificación Vocal"
        ],
        "excerpt": "Tanto sobre los demás como sobre ti mismo.\n\nComparto este mensaje que hoy me envía la Vida ( o consciencia, Naturaleza, Dios, Ser Superior...es todo lo mismo)\n\nAmor"
    },
    {
        "title": "Nada ocurre por casualidad",
        "url": "https:\/\/despiertatuvoz.com\/nada-ocurre-por-casualidad\/",
        "cat": [
            "Biodecodificación Vocal"
        ],
        "excerpt": "Si te pasa esto, siempre es positivo reflexionar:\n\n- Tienes una lesión en el momento más inoportuno. Deja la disciplina férrea de entrenamientos y descansa\/para cuando el cuerpo te lo pida."
    },
    {
        "title": "En mi paseo diario",
        "url": "https:\/\/despiertatuvoz.com\/en-mi-paseo-diario\/",
        "cat": [
            "Biodecodificación Vocal"
        ],
        "excerpt": "Hoy en mi paseo diario sentía que la vida me lanzaba este mensaje que ahora os comparto. Es para todos:"
    },
    {
        "title": "¿Os imagináis?",
        "url": "https:\/\/despiertatuvoz.com\/la-clasificacion-de-la-voz-copy\/",
        "cat": [
            "Biodecodificación Vocal"
        ],
        "excerpt": "¿Os imagináis un mundo donde el corazón\nse expresara a través de la voz del prójimo...?"
    },
    {
        "title": "¿La clasificación de la voz?",
        "url": "https:\/\/despiertatuvoz.com\/la-clasificacion-de-la-voz\/",
        "cat": [
            "El Altar del Canto",
            "Guía de la App",
            "Personajes y Roles"
        ],
        "excerpt": "El ser humano a lo largo de la historia ha tomado el hábito de tener que ordenar y clasificar todo lo que ve a su alrededor"
    },
    {
        "title": "Mi definición de don",
        "url": "https:\/\/despiertatuvoz.com\/mi-definicion-de-don\/",
        "cat": [
            "Biodecodificación Vocal",
            "El Altar del Canto"
        ],
        "excerpt": "Yo personalmente definiría los dones como aquellas habilidades que nos hacen únicos, que nos diferencian del resto, que nos hacen ser diferente dentro de la unidad a la que todos pertenecemos."
    },
    {
        "title": "¿La técnica vocal?",
        "url": "https:\/\/despiertatuvoz.com\/la-tecnica-vocal\/",
        "cat": [
            "El Altar del Canto"
        ],
        "excerpt": "A mi entender en la enseñanza de la voz, en su método tradicional, se ha confundido los medios con el fin, la causa con el efecto."
    },
    {
        "title": "Mi nuevo credo",
        "url": "https:\/\/despiertatuvoz.com\/mi-nuevo-credo\/",
        "cat": [
            "Biodecodificación Vocal",
            "El Altar del Canto"
        ],
        "excerpt": "Creo que las experiencias de la vida son procesos de aprendizaje cuya intención es emprender un viaje que te lleve al conocimiento de tu esencia, de tu ser,"
    },
    {
        "title": "La falsa necesidad de obtener resultados",
        "url": "https:\/\/despiertatuvoz.com\/la-falsa-necesidad-de-obtener-resultados\/",
        "cat": [
            "Biodecodificación Vocal",
            "El Altar del Canto"
        ],
        "excerpt": "No creo en la obsesión por la obtención de resultados como fin para realizar las cosas. Nuestro vivir separado de la naturaleza, de la “madre” que nos ha creado, es tal que..."
    },
    {
        "title": "Mi nuevo caminar",
        "url": "https:\/\/despiertatuvoz.com\/tu-nuevo-caminar\/",
        "cat": [
            "Biodecodificación Vocal"
        ],
        "excerpt": "En el momento en que estoy escribiendo estas líneas una fina lluvia cae al otro lado de la ventana. Hago un parón en mi momento presente y..."
    }
]